epoch,C50_val_loss,C50_val_loss_min,C50_val_loss_max,C100_val_loss,C100_val_loss_min,C100_val_loss_max,C150_val_loss,C150_val_loss_min,C150_val_loss_max,C200_val_loss,C200_val_loss_min,C200_val_loss_max
1,0.0251100234873593,0.0189919620752335,0.028693391662091,0.0251100234873593,0.0189919620752335,0.028693391662091,0.0251100234873593,0.0189919620752335,0.028693391662091,0.0251100234873593,0.0189919620752335,0.028693391662091
2,0.00769024950452149,0.00547965827863664,0.0106621228624135,0.00762648179195821,0.00538931584451348,0.0106476346030831,0.00761197020765394,0.00530700057279319,0.0106551579199731,0.00760312802623957,0.00527606040704995,0.0106477993074805
3,0.00441651480505243,0.00325114792212844,0.00503513340372592,0.00438915771897882,0.00328121898928657,0.0050796041963622,0.00451066700741649,0.00331862673629075,0.00532166436314583,0.00445883334381506,0.00330801947275177,0.00511228730902076
4,0.00364308124175295,0.00173554308712482,0.00459601969923824,0.00370305382180959,0.00185182616114616,0.00475757264066488,0.00368945438181981,0.0018498221761547,0.00464023513486609,0.0037461644411087,0.00204230573726818,0.00474831479368731
5,0.00268953359569423,0.00120530413696542,0.00403357604518533,0.00268789305351675,0.00123249699827284,0.00417199777439237,0.00268550927343313,0.00129900478932541,0.00410159789025784,0.00273259871755727,0.00125852338387631,0.00434139050776139
6,0.00194307542580646,0.00094793820171617,0.00380697890650481,0.00216309074137826,0.000889078070758842,0.00387052230071276,0.00209600529808085,0.000908554127090611,0.00376924515003338,0.00213347003620584,0.000842539771110751,0.00410180711187422
7,0.0014877180889016,0.00060869887820445,0.00408767311600968,0.00147441952372901,0.000602271597017534,0.00416589048691094,0.00146600417443551,0.000548935815459117,0.00343523407354951,0.001390914900403,0.000572511479549576,0.00364847097080201
8,0.00106527688069036,0.000534054209128954,0.00231687432387844,0.00101199063647073,0.000478752944036387,0.00239204844692722,0.000995139385922812,0.000472663565597031,0.00231941543752328,0.0011396099140984,0.000483412272296846,0.00266593599226326
9,0.000945710944070015,0.000520537729607895,0.00151287723565474,0.000757957687601447,0.000396086086402647,0.0015064220118802,0.000774430561286863,0.00042423907580087,0.0014378574793227,0.000755953060870525,0.00036987890052842,0.00161650315276347
10,0.000723897782881977,0.000249898677429883,0.00146548108314164,0.000715244170132792,0.000241107014153386,0.00120689084578771,0.00061554621293908,0.0002318832630408,0.00124004308017902,0.000609327455313178,0.000242025331681361,0.0012100548890885
11,0.000639389617717825,0.000240168172604172,0.00146977651747875,0.000536488071229542,0.000260042668378446,0.000898531405255199,0.000474089120834833,0.000211357481020968,0.000787752572796308,0.000510316338768462,0.000252953723247629,0.000894231611164287
12,0.00040720646182308,0.000220868564065313,0.000699127122061327,0.00036816770581936,0.000156416170284501,0.000633850782469381,0.000375835171289509,0.00021188339960645,0.000598740117857233,0.000388758519184194,0.000165254884996102,0.000633076779195108
13,0.000369366045924835,0.000190727124572732,0.00069275303685572,0.00034168289945228,0.000159590362454765,0.000672612598282285,0.000299052719710744,0.000142463734300691,0.000520252378191799,0.000397707102674758,0.00016926769312704,0.000778058479772881
14,0.000300554537534481,0.000181257413350977,0.000538468972081319,0.00031114150180656,0.000138185671312385,0.000605165617889725,0.000330841940667597,0.000130104773779749,0.00047893120063236,0.000309588240488665,0.000154455196025083,0.000595909902767744
15,0.000266884940574528,0.000124689635049435,0.000561042281333357,0.000335299820071668,0.000112291983168689,0.000948379683541134,0.000423274168060743,0.000129562914298731,0.000952816108474508,0.000467269231012324,0.000196281780517893,0.00137597206630744
16,0.000224031168036163,0.000112193168752128,0.00045689930266235,0.000232031079722219,0.000111058089896687,0.000461794479633682,0.000346800035840715,0.000121750562539091,0.000795213441597298,0.000368412279203767,0.000111384342017118,0.000871181843103841
17,0.000223098809474322,8.6038210974948E-05,0.000407926227489952,0.000209804435289698,0.000126517766329926,0.00036129518848611,0.00020283490732254,8.36165447253734E-05,0.000405675217916723,0.000201438099902589,0.000102268135742634,0.000359996757470071
18,0.000186458063981263,8.79043484019348E-05,0.000304149789008079,0.000244776102554169,0.000121359557306278,0.000347251792845782,0.000183114010433201,0.00012125808170822,0.000267225083371159,0.000185301736928523,8.48440780828241E-05,0.000416863783902954
19,0.000169710247428156,8.77402373589575E-05,0.000315377931110561,0.000162083899522258,7.27240740161506E-05,0.000291068326623645,0.00017758006513759,8.21535672002938E-05,0.000297530036914395,0.000210042027028976,7.32493768737186E-05,0.000359474701690488
20,0.000157688777326257,0.000107279189614928,0.000250730463449145,0.000229882427520351,6.37528923107311E-05,0.000513628513726872,0.000189744711497042,9.25011909203022E-05,0.000380014019901864,0.000242548677269951,0.00012921882334922,0.000342402316164225
21,0.000131702376820613,6.40494803519687E-05,0.000227431343955686,0.000184614613353915,7.04127758581308E-05,0.000280456781183602,0.000146501108793018,6.28836474788841E-05,0.000245843721495476,0.000191697048976494,7.03407777109533E-05,0.00031246397193172
22,0.000110587992348883,6.16313376667677E-05,0.00019370355294086,0.000118605099305569,5.10823456352227E-05,0.000201854119222844,0.000141878166214156,8.12856711490895E-05,0.000211652871803381,0.000115746448391292,5.59065691049909E-05,0.000207310754922219
23,0.000112423922364542,5.56908573344117E-05,0.000217313054599799,0.000104623912848183,4.72685875138268E-05,0.000210823087400058,9.54054457179154E-05,4.92949813633459E-05,0.000140879495302215,0.000145928545825882,5.1846095448127E-05,0.000317222494049929
24,9.78654681966873E-05,6.23000672931085E-05,0.000158067160737119,0.000140116386100999,7.50822146073915E-05,0.000202385604643496,0.000163329541464918,9.88364001386799E-05,0.000273070698312949,0.000216507371733314,0.000103570309511269,0.000516994134522975
25,8.78791815193836E-05,4.36290700235986E-05,0.000148336506390478,9.5525677279511E-05,6.96294562658295E-05,0.000112304949288955,0.000120133476302726,5.7437290524831E-05,0.000249249722401146,0.000141196201038838,7.03416882970487E-05,0.000259547869063681
26,7.7754510602972E-05,4.08859677918372E-05,0.000123677882220363,9.28102205944015E-05,6.68644373945426E-05,0.000137205758073833,8.23663291521371E-05,5.04302013723645E-05,0.000123831790915574,0.000107935134728905,3.61668284313055E-05,0.000212885473592905
27,6.92102347238688E-05,3.9139297859947E-05,0.000106194197724108,0.000159199180379801,7.31981805074611E-05,0.000345326779643074,0.000158995032579696,5.87885131608346E-05,0.000292945104592945,0.000152622850509943,9.71738198131789E-05,0.000221045462239999
28,7.10254663317755E-05,4.01633825276804E-05,0.000105443911161274,0.000106132235850964,7.78515475758468E-05,0.000145307340790168,0.000147403888895497,5.10338278218114E-05,0.000432110299880151,9.16094930653344E-05,5.75104631934664E-05,0.000144079343954218
29,6.57638836855767E-05,3.37949471941101E-05,0.000106282589331386,0.000184752457134891,5.97395081058494E-05,0.000468128125066869,0.00012480130088079,6.63782097035437E-05,0.00019372879396542,0.000114269529931335,3.47600353961752E-05,0.000368276017252356
30,5.84120714302117E-05,3.08006933664728E-05,8.80250627233181E-05,7.80779155320488E-05,4.9935750575969E-05,0.000117844552733004,0.000134486529714195,8.1192495963478E-05,0.000197559280059068,0.000174181062266143,3.50453711689625E-05,0.000422761362278834
31,5.86745103100839E-05,2.98982447020535E-05,9.30310594412731E-05,8.97609537605604E-05,3.26951329952863E-05,0.000224129276466556,0.000142119346637628,3.40401675202884E-05,0.000414870801614597,7.91212721014745E-05,5.05511494338862E-05,0.00010565378361207
32,5.19378164790396E-05,3.12873919028789E-05,7.55297844079905E-05,5.2466648612608E-05,3.10882124722411E-05,7.71333054217394E-05,0.00013894343874199,2.83397278508346E-05,0.000369788444368169,6.62056613873574E-05,3.90492747101234E-05,0.000116036884719506
33,4.96889729765826E-05,2.93049368337961E-05,7.18925535693415E-05,9.07373517657106E-05,2.79201368357462E-05,0.000253110934863798,0.000144958383170888,5.02882048749598E-05,0.000301373370166402,0.0001052484509637,3.29256259647082E-05,0.000197982374811545
34,4.49823002963967E-05,2.65088883679709E-05,6.8749249294342E-05,6.70982088922756E-05,3.34862821546267E-05,9.8031929883291E-05,0.000100836155324942,3.34463096805848E-05,0.000292549972073175,6.56435475320905E-05,5.2369397963048E-05,7.74984180679894E-05
35,4.47505072406784E-05,2.66313456450007E-05,6.88137839460978E-05,6.31479187359219E-05,2.43219734329614E-05,0.000128292211593362,6.18421007675352E-05,2.88178208393219E-05,0.000120832393076853,6.16541522867919E-05,3.33341748955718E-05,9.70979268458905E-05
36,4.23493949892873E-05,2.63136295870936E-05,6.42390588836861E-05,8.25072257430293E-05,3.50229474861408E-05,0.000191035496391123,5.97795299836435E-05,2.64399221123313E-05,8.15698469523341E-05,4.6751516747463E-05,3.44357897120062E-05,6.96602910466027E-05
37,4.10589201419498E-05,2.56533428000694E-05,6.26644114163355E-05,6.3219723488146E-05,3.69241230146145E-05,0.0000886981626535999,9.68353677671985E-05,5.21850930454093E-05,0.000213801760401111,0.000134244665059668,4.83406107377959E-05,0.000208960811141878
38,3.99427913271211E-05,2.37783342527109E-05,6.27092042122968E-05,6.77843067569484E-05,3.20570025905909E-05,0.000124848991254112,0.000231493829123792,7.45548686609254E-05,0.000599318864988163,0.000204238584829,4.52027124083543E-05,0.000441260053776205
39,3.87016512922855E-05,2.35328196595219E-05,6.09396485742764E-05,7.18956918171898E-05,3.20292215292284E-05,0.000111776336052571,5.28578667035617E-05,3.56171924977389E-05,8.18028629510081E-05,0.000105108668230969,3.91686472539732E-05,0.000273437949363142
40,3.8028817061786E-05,2.320213980056E-05,5.85054162002052E-05,6.68499744278961E-05,1.98791536604404E-05,0.000103318109540851,0.0002812656975766,3.21584661833185E-05,0.00122814271890093,0.000100084501291349,2.20474540128635E-05,0.000282050652458565
41,3.72440088176518E-05,2.23500785523356E-05,5.88007567785098E-05,4.03225963236764E-05,2.2732949219062E-05,5.66835287827416E-05,6.40522036974289E-05,1.75619903984625E-05,0.000180706680839648,5.53477149333048E-05,2.61442287410318E-05,0.000112642485692049
42,3.6635638525695E-05,2.22670346374798E-05,5.61514687433373E-05,4.58465598057956E-05,3.61592653462139E-05,7.3678159424162E-05,4.07725544755522E-05,2.92775097477715E-05,5.42041037988383E-05,0.000120213025165867,2.6176466326433E-05,0.000416491308715195
43,3.57450354567845E-05,2.19275979816302E-05,5.52146706468193E-05,8.35065353930986E-05,4.01525839151873E-05,0.00012683912027569,5.3244731243467E-05,3.95022383600008E-05,7.3726262053242E-05,8.46518842990918E-05,2.54325423156843E-05,0.000191038212506101
44,3.55659411070519E-05,2.21495381538261E-05,5.48416246601846E-05,6.28492725627439E-05,2.65572521129798E-05,0.000133981554972706,5.91282534514903E-05,2.58996025877423E-05,0.000124686355775339,9.08481488295365E-05,3.32837225869298E-05,0.000242719663219759
45,3.50061155131698E-05,2.15837205360003E-05,5.45796983715263E-05,5.68584491975344E-05,2.47120302901749E-05,0.000156876933760941,8.79683566381573E-05,6.17712121311342E-05,0.000146777327972814,8.74143498276681E-05,2.53744370183995E-05,0.000195093111688038
46,3.51212667465006E-05,2.16228852423228E-05,5.40859224201995E-05,2.95080350406352E-05,1.64705437782686E-05,4.46250763161515E-05,6.00888878580008E-05,3.89471783819317E-05,9.33140669076238E-05,8.50365183578106E-05,4.29462041211082E-05,0.000130407707911218
47,3.46627237377106E-05,2.15505290725559E-05,5.38063264684752E-05,6.63539135894098E-05,1.6595852730461E-05,0.000177665943192551,5.91577508566843E-05,3.95792697418074E-05,0.000106007965223398,0.000128215582499251,4.34352949014283E-05,0.000414284240105189
48,3.45103006111458E-05,2.13625118703931E-05,5.36470968654612E-05,6.56363280359074E-05,1.75535095877422E-05,0.000209329398785485,0.000804968717120573,2.11360112643888E-05,0.00379324845271185,5.17922831022588E-05,3.56308021764562E-05,8.02498492703308E-05
49,3.44443893936841E-05,2.13542856727145E-05,5.36096335054026E-05,3.28905018432124E-05,2.58115522228763E-05,4.41320527897915E-05,7.94066585876862E-05,5.8802519015444E-05,0.000101760864345124,6.79721645610698E-05,4.29411538789282E-05,0.000109285278085736
50,3.44264354043844E-05,2.13411449749401E-05,5.3496291366173E-05,3.64770294163463E-05,1.55903816903447E-05,7.16116310286452E-05,5.50779192508344E-05,2.64069105924136E-05,0.000115752660713042,0.000132167319625296,2.44726742494095E-05,0.000292336149141192
51,,,,7.79741375026788E-05,1.63090186106274E-05,0.000287777159246616,4.80253902151162E-05,2.42580660142266E-05,0.00010524185054237,5.01367461765767E-05,1.74676467395329E-05,8.63894549183897E-05
52,,,,4.11726873062435E-05,2.45520083808515E-05,7.1414561898564E-05,3.70646791270701E-05,2.27949821692164E-05,6.9775839074282E-05,6.05408144110697E-05,2.51366113843687E-05,0.000125959533033893
53,,,,3.64893789992493E-05,1.42539462558489E-05,9.64612168900203E-05,6.3733828092154E-05,2.7480049220685E-05,0.000133403381187236,7.59071204720385E-05,2.45321428792522E-05,0.000200616069560056
54,,,,3.70413892051147E-05,1.78902430889139E-05,5.80836573135457E-05,9.22171234196867E-05,2.96118400001433E-05,0.000314720634196419,0.000181181253574323,4.68083215309889E-05,0.000410258460033219
55,,,,2.37345618461404E-05,1.51821444433153E-05,3.78238509256335E-05,5.04638011898351E-05,2.29393107929354E-05,0.000134033575159265,5.34674033951887E-05,2.38593111134833E-05,7.92237313362421E-05
56,,,,2.70609347808204E-05,1.3434162701742E-05,4.33291535955505E-05,3.4591806388562E-05,2.76072812084749E-05,4.39335030023358E-05,0.000158039966663637,1.88965741472202E-05,0.00042050209158333
57,,,,2.39596248502494E-05,1.32685875087191E-05,2.84457210000255E-05,5.04040611303935E-05,2.5958497190004E-05,0.000116705886830459,5.37278276169673E-05,2.76892107649473E-05,0.000100909239154134
58,,,,2.20581042958656E-05,1.33199033371056E-05,3.58497030902072E-05,3.08047177986737E-05,1.84680110123736E-05,3.9493378244515E-05,5.51335324689717E-05,1.26055809687387E-05,0.000108422253470053
59,,,,2.05691384917373E-05,1.09047007981644E-05,3.52531415046542E-05,6.63361939132301E-05,1.90420899343735E-05,0.000213753979187459,4.2222633419442E-05,1.33941502099333E-05,9.59934081038227E-05
60,,,,3.31234696113825E-05,1.27577957300673E-05,4.53402535640635E-05,9.67304493406118E-05,2.19764332996419E-05,0.000293070024781628,0.000139386968262443,1.13643301347111E-05,0.000419248593971133
61,,,,1.71771460691161E-05,1.1053685443585E-05,2.28832265747769E-05,0.000185676144819809,2.29237731673493E-05,0.000500516609463375,9.36220795574627E-05,1.32308865886444E-05,0.000216235718107782
62,,,,5.04052277756273E-05,1.01381369177034E-05,0.000183823991392273,5.18558513431344E-05,2.66650148660119E-05,0.000113406971649965,5.12874397190899E-05,3.12304886847414E-05,7.17491666364367E-05
63,,,,1.95582396372629E-05,1.45860446536972E-05,2.24249819439137E-05,3.8301346494336E-05,1.52580268149904E-05,8.34731599752558E-05,0.000105131480504497,3.78770556380914E-05,0.000253720155160409
64,,,,1.52107635767607E-05,9.69832672126358E-06,2.0161268503216E-05,3.996734406428E-05,2.05660685878684E-05,7.41409417969408E-05,0.000140852754775551,2.9773691403534E-05,0.000353880079637747
65,,,,1.53371843725836E-05,1.0517975329094E-05,2.0861761413471E-05,8.23370672605961E-05,1.74942320427363E-05,0.000245912703394424,4.58857858939155E-05,2.62217550698551E-05,7.00060278177261E-05
66,,,,1.48615680564035E-05,1.10575419284942E-05,1.81908863396529E-05,5.06028025120031E-05,1.89050578228489E-05,8.99606551683974E-05,9.45900083388551E-05,3.87907739423099E-05,0.000220996619464131
67,,,,1.53147031096523E-05,1.21671656188482E-05,1.72145964825177E-05,3.62959942549423E-05,1.197156022954E-05,5.31756597411004E-05,8.89810755143117E-05,2.6447056006873E-05,0.000270908473612508
68,,,,1.46498945014173E-05,1.03837748611113E-05,2.01152728550369E-05,2.8501414872153E-05,1.37448835630494E-05,5.62569646717748E-05,5.35779738311248E-05,1.62341431860114E-05,0.000123584039101843
69,,,,1.43599947068651E-05,9.46394652601157E-06,1.85887488441949E-05,5.3971905454091E-05,1.6624226282147E-05,0.000126107935284381,6.38577324434664E-05,1.21453783094694E-05,0.000177644514042186
70,,,,1.27347896068386E-05,8.87807757408155E-06,1.84726477982622E-05,6.34875887863018E-05,2.53452544257016E-05,0.000150702426617499,8.00553932003823E-05,1.57921483605605E-05,0.000175580838549649
71,,,,1.26192294737848E-05,8.35880302929581E-06,1.6758721358201E-05,2.82883769568798E-05,1.23831015343967E-05,0.0000639150135611999,5.75591878805426E-05,2.65377805590106E-05,0.000134194137353916
72,,,,1.26705835964458E-05,8.74715767622547E-06,1.61328779540781E-05,0.0000477062466597999,2.00684427909437E-05,7.3155906102329E-05,8.7327670025843E-05,2.30532178647991E-05,0.000223847459710669
73,,,,1.35085879901453E-05,8.66202888119005E-06,1.73824899775354E-05,7.73552462123916E-05,2.32264421356376E-05,0.000133220594580052,5.60810787646915E-05,3.99809708142129E-05,8.7695192269166E-05
74,,,,1.19697753234505E-05,7.97784359747311E-06,1.59541957600595E-05,2.71822381364473E-05,1.57557236434514E-05,4.57681652733299E-05,2.63860792802006E-05,2.13986419566936E-05,3.32998925387074E-05
75,,,,1.17500557871608E-05,7.99076174189395E-06,1.66716758485563E-05,3.45348909559107E-05,1.72710665538034E-05,5.3688881052949E-05,2.62406394040227E-05,1.34578130428054E-05,4.83737081594882E-05
76,,,,1.1232564384045E-05,7.42390782306757E-06,1.54156133703509E-05,3.65705828698992E-05,2.25814105306199E-05,6.80224764437298E-05,4.3936018309978E-05,1.97902533727756E-05,8.39646587337484E-05
77,,,,1.16645995012732E-05,7.64070498462388E-06,1.76174208718294E-05,2.49767003924717E-05,1.86004464922007E-05,4.57633475889452E-05,0.000120286898436461,2.20990692469059E-05,0.000438849786587525
78,,,,1.10902594724394E-05,7.19633155767951E-06,1.43182368219641E-05,2.81221800833009E-05,1.77781096226681E-05,3.87068365853338E-05,4.21038400691032E-05,2.02843398255936E-05,8.44535281430581E-05
79,,,,1.08944219073237E-05,7.53877413899318E-06,1.48722248695776E-05,3.35761254928002E-05,1.27906534089561E-05,8.87989655893762E-05,3.20949463457509E-05,1.6125745833051E-05,4.39388277300168E-05
80,,,,1.09350801903929E-05,7.47448748370516E-06,1.48839406847401E-05,4.17101342736714E-05,1.86803612905351E-05,7.0664839586243E-05,5.68775815008849E-05,2.39933813645621E-05,8.80601448443486E-05
81,,,,1.04240194764316E-05,6.93523766130966E-06,1.42749531732989E-05,2.56106704227932E-05,1.35833939339136E-05,3.38853569701314E-05,4.01352807239164E-05,1.89097951988515E-05,8.33859246995416E-05
82,,,,1.03294361292683E-05,6.90591658667472E-06,1.39016031653227E-05,7.59998522835303E-05,9.49586144542991E-06,0.000263378386443947,4.35232140853259E-05,1.12654206759544E-05,8.23215468699345E-05
83,,,,1.01718807127327E-05,6.70707188419328E-06,1.40190730917311E-05,1.78415014852362E-05,1.07103849586565E-05,2.2995668632575E-05,3.58438242028569E-05,1.13954550442941E-05,5.05483889355673E-05
84,,,,1.01066524689486E-05,6.72496465767836E-06,1.40406015134431E-05,4.25283293589018E-05,1.10571636014356E-05,0.000111701217610971,0.000140940175933792,2.70631450803194E-05,0.000339906154840719
85,,,,9.83956198069791E-06,6.58410963296774E-06,1.3830437865181E-05,8.50972173657283E-05,1.43486011666027E-05,0.000352912639209535,3.50646039350977E-05,2.38453578731423E-05,4.63601388219104E-05
86,,,,9.93638129784813E-06,6.80444027238991E-06,1.36728896450222E-05,4.28443738064743E-05,9.73835822151159E-06,8.60712956637144E-05,0.000113442232923262,2.4102012594085E-05,0.000325969622645061
87,,,,9.78209594677537E-06,6.54763659895252E-06,1.38039864623352E-05,1.53161212665509E-05,1.09957397853577E-05,2.16316191199439E-05,3.32529605475429E-05,1.23611466960938E-05,6.36158358247485E-05
88,,,,9.72786994225317E-06,6.5289585222672E-06,1.35252022801069E-05,2.39217425769311E-05,1.33233565748014E-05,5.7030537755054E-05,6.40494884373766E-05,1.30665615415637E-05,0.000154504437523428
89,,,,9.62277366625131E-06,6.45464971285037E-06,1.33021705096326E-05,4.32352061443453E-05,1.08685751001758E-05,0.000116130579044693,3.21501065764096E-05,1.26177029642349E-05,4.45071495050797E-05
90,,,,9.50395123936687E-06,6.39845636669634E-06,1.31130949966973E-05,1.8999415297003E-05,1.06796030195255E-05,3.11450659864931E-05,3.3798792055677E-05,1.37401221763866E-05,7.89669069490628E-05
91,,,,9.53707896769629E-06,6.32100378652467E-06,1.33933271854403E-05,3.37963336005487E-05,9.65295437254099E-06,0.000111011245826376,2.61622805282968E-05,1.01096349908403E-05,4.79906891996507E-05
92,,,,9.5283122618639E-06,6.29876675475316E-06,1.32345921201704E-05,2.16403071408422E-05,9.59876242632163E-06,5.16740597959142E-05,6.6798249281419E-05,1.67247659192071E-05,0.000148029708361719
93,,,,9.44783489103429E-06,6.30563114327742E-06,1.29785010813066E-05,1.50600457664041E-05,7.99976262442215E-06,2.20438612814178E-05,4.21952891156252E-05,1.48423053587976E-05,0.000138047849031864
94,,,,9.37385726274442E-06,6.29777325684699E-06,1.29466391399546E-05,1.37443447806618E-05,9.2846335064678E-06,2.33479745929799E-05,3.31475168286488E-05,1.52427501461716E-05,6.3337749998027E-05
95,,,,9.34429686822114E-06,6.23369980985444E-06,1.29649377868191E-05,1.17375676290976E-05,7.92806713434402E-06,1.96568124465557E-05,3.7736460258202E-05,1.2126167189308E-05,7.2111768713512E-05
96,,,,9.33109519564823E-06,6.28681045782287E-06,1.28942635683416E-05,1.35806220987433E-05,9.18076882499008E-06,2.30836561968317E-05,7.25096905307509E-05,1.81852614332456E-05,0.000278426781733288
97,,,,9.31579687403428E-06,6.23051132606634E-06,1.294034429975E-05,1.12531807712912E-05,8.85703279891459E-06,1.45980098977816E-05,4.04053531428872E-05,1.44468308235446E-05,7.44566617868259E-05
98,,,,9.31501444028982E-06,6.22559923613153E-06,1.28733764995559E-05,1.15839782938565E-05,8.48659749408398E-06,1.67084729127964E-05,2.58243725693319E-05,1.22446279419819E-05,5.60572785616387E-05
99,,,,9.28294820369047E-06,6.20361507799316E-06,1.28603311395636E-05,1.00826857669745E-05,8.25217023248115E-06,1.30581893017734E-05,2.29645925082878E-05,8.10526446457516E-06,4.38531505096762E-05
100,,,,9.2909053000767E-06,6.20738986754077E-06,1.28949780219045E-05,1.79810847339468E-05,7.15671635589388E-06,2.84934984847496E-05,3.64221076642934E-05,9.88103799954843E-06,7.60560298658675E-05
101,,,,,,,1.23046855537723E-05,6.21915306737719E-06,1.65044958066574E-05,3.70024172661943E-05,1.0158717145714E-05,8.34293376101414E-05
102,,,,,,,1.12421342487323E-05,6.40134838931772E-06,1.43948799177451E-05,4.9694849944899E-05,6.95311746312655E-06,0.000161271810065955
103,,,,,,,9.16151488581818E-06,6.05691300279432E-06,1.16641427666764E-05,1.87029599919697E-05,9.57421743805753E-06,2.68542159119534E-05
104,,,,,,,1.06859173001794E-05,6.34767585552254E-06,1.53794157995435E-05,4.65557517236448E-05,1.29529240439297E-05,9.24361767829396E-05
105,,,,,,,1.00684093376913E-05,5.85993143431551E-06,1.26804513911338E-05,2.77792979522928E-05,1.31177478579048E-05,7.89996083767619E-05
106,,,,,,,1.05862079522012E-05,7.22242002666462E-06,2.01226896479056E-05,5.21913254578976E-05,9.06514273992798E-06,0.000133428526532953
107,,,,,,,9.40881354608791E-06,6.99058358577531E-06,1.3936118239144E-05,6.21626949714482E-05,1.25105262895886E-05,0.000149653579137521
108,,,,,,,8.96898471410168E-06,5.90762338106288E-06,1.19155061838683E-05,2.37979483244999E-05,1.16515591116695E-05,3.64027729119698E-05
109,,,,,,,8.87391325477438E-06,7.35981179786904E-06,1.16289220613908E-05,1.48945471391926E-05,9.77082486315339E-06,2.1006465294704E-05
110,,,,,,,8.15892203263502E-06,6.85724327240678E-06,1.00860197449038E-05,1.61637826590777E-05,8.33516046441218E-06,3.42484700922796E-05
111,,,,,,,7.93702988403311E-06,5.83455953346856E-06,9.97377256908294E-06,3.85099643835929E-05,1.39607411028919E-05,0.000106863287146552
112,,,,,,,7.54742169647216E-06,5.18121642016922E-06,1.09951906097194E-05,3.48367052720278E-05,1.3041162310401E-05,8.5758443310624E-05
113,,,,,,,8.33644716976778E-06,4.93812354989132E-06,1.03286667126667E-05,1.77439774961385E-05,1.19509951446162E-05,2.91511800242006E-05
114,,,,,,,7.81865280941929E-06,4.95671615681204E-06,9.84257625304963E-06,1.87134744919604E-05,1.34393176267622E-05,3.46509272276307E-05
115,,,,,,,7.32899794456898E-06,5.67410164649118E-06,9.36375917035548E-06,4.57875917163619E-05,1.10437455077772E-05,0.000137352489400655
116,,,,,,,7.44977269505398E-06,5.23222520314448E-06,9.11604836346669E-06,2.81958773553015E-05,1.07014410673401E-05,7.86146318205283E-05
117,,,,,,,7.04658431345706E-06,4.60216082274201E-06,9.71120085750954E-06,1.30075048355138E-05,8.03489989493755E-06,1.86106640740036E-05
118,,,,,,,6.92308513180251E-06,4.81531835703208E-06,9.83674863164197E-06,4.00626493888012E-05,8.80463245493956E-06,0.000131694706578855
119,,,,,,,6.85004586671312E-06,5.12968097154953E-06,9.33833217686697E-06,2.04647947430203E-05,8.94870645424817E-06,3.46106323377171E-05
120,,,,,,,6.77384762866495E-06,4.76630498269515E-06,9.95594789401366E-06,1.7912434432219E-05,1.40314739155656E-05,2.12965668652032E-05
121,,,,,,,6.37837846966249E-06,4.49051537998457E-06,8.91967414418105E-06,1.37292853014515E-05,9.16723606678716E-06,1.64992596637603E-05
122,,,,,,,6.50507280397505E-06,5.57232386881879E-06,8.41969399516529E-06,1.12632543346081E-05,9.61635257681337E-06,1.4367023527484E-05
123,,,,,,,6.02506710038142E-06,4.39711875515059E-06,8.32456139505666E-06,1.31627843552451E-05,7.36059840846792E-06,2.27590676786349E-05
124,,,,,,,6.41623791580059E-06,4.38259118027418E-06,9.7705080634114E-06,1.72006832326588E-05,1.01089449117353E-05,3.47363820765168E-05
125,,,,,,,5.93562361586919E-06,4.07237675403849E-06,8.1218737477684E-06,1.31652065147136E-05,1.00604476756416E-05,1.98482237010467E-05
126,,,,,,,5.9999444965797E-06,4.54327133638799E-06,8.18018248764929E-06,2.17942226663581E-05,1.26552630945298E-05,4.84168527691509E-05
127,,,,,,,5.95485759163239E-06,4.08846419759357E-06,8.03189826683592E-06,1.28678342480271E-05,8.7638477452856E-06,1.53340132783342E-05
128,,,,,,,5.98943869476898E-06,4.11762711109986E-06,8.76652632086916E-06,2.01220177837058E-05,8.76059715437805E-06,2.96290285405121E-05
129,,,,,,,5.72208820699416E-06,4.09070975138093E-06,7.84903578505691E-06,2.07679273239592E-05,5.24702107895791E-06,4.22101836193178E-05
130,,,,,,,5.71664286326268E-06,4.13940500720855E-06,7.82137608439371E-06,1.06824281306217E-05,6.41367840898965E-06,1.3566702227763E-05
131,,,,,,,5.65688017900356E-06,4.30806544500229E-06,7.72200298797543E-06,2.85657679296492E-05,1.10608372779097E-05,9.34128707740456E-05
132,,,,,,,5.62158453817574E-06,4.13964679637502E-06,7.7311334280239E-06,1.82423657179243E-05,7.18865260296298E-06,3.56250925506174E-05
133,,,,,,,5.52939215481274E-06,3.94074655787335E-06,7.57692564548051E-06,1.1547411322681E-05,1.00352225672395E-05,1.45483956885073E-05
134,,,,,,,5.48416290712339E-06,3.95793823031454E-06,7.60268763997374E-06,1.28553539320819E-05,8.20097745872772E-06,2.25518951083359E-05
135,,,,,,,5.43812974001412E-06,3.84366189791763E-06,7.591007749852E-06,1.40276066440492E-05,9.25480944715673E-06,2.45993840053416E-05
136,,,,,,,5.47862688449641E-06,3.98851065028794E-06,7.52278689333252E-06,1.10385583320749E-05,5.35223390443207E-06,1.86853115792474E-05
137,,,,,,,5.46258410508926E-06,3.87197524673866E-06,7.48727433119711E-06,1.07549717154143E-05,5.06513844129586E-06,1.8235476954942E-05
138,,,,,,,5.41549695981303E-06,4.07249665386189E-06,7.45867469049699E-06,1.17928045278859E-05,5.61216785399665E-06,2.41355214711803E-05
139,,,,,,,5.33980401087319E-06,3.85667227078557E-06,7.38929553563139E-06,8.75537249385161E-06,5.73684026221599E-06,1.17767135407121E-05
140,,,,,,,5.31325301039942E-06,3.79246621378115E-06,7.36200668143283E-06,7.88766174196098E-06,4.36738501434775E-06,9.97701217784197E-06
141,,,,,,,5.30208009536182E-06,3.8328118876052E-06,7.30769158963085E-06,7.63409177693575E-06,4.70114587756143E-06,1.02870332739258E-05
142,,,,,,,5.2922453244264E-06,3.78531390765602E-06,7.3217205454057E-06,8.63934542167044E-06,5.15076837928063E-06,1.27543632288507E-05
143,,,,,,,5.26358126080595E-06,3.77339621877582E-06,7.33170934381633E-06,8.7824947718218E-06,6.35107702464666E-06,1.24294690976967E-05
144,,,,,,,5.24464857790008E-06,3.76642327069021E-06,7.28426077785116E-06,8.08664879741627E-06,5.40163996447518E-06,1.03577241361563E-05
145,,,,,,,5.24587081031314E-06,3.74867727259698E-06,7.28145407720149E-06,9.32208536482904E-06,5.3990967558093E-06,1.30255428075543E-05
146,,,,,,,5.23172368161795E-06,3.79823605953789E-06,7.24210580074214E-06,9.52085237486244E-06,4.44659232812228E-06,1.65632292919327E-05
147,,,,,,,5.22628741691733E-06,3.74588524891806E-06,7.24829163800678E-06,7.8754568585282E-06,5.19056363827986E-06,9.44552009514155E-06
148,,,,,,,5.22222994845834E-06,3.76069787080269E-06,7.26202217720129E-06,6.72899997994136E-06,4.23426065481181E-06,9.01552217555945E-06
149,,,,,,,5.21075107485558E-06,3.74728894598775E-06,7.2241963266606E-06,6.48343384568761E-06,4.10729642794649E-06,8.58019369616159E-06
150,,,,,,,5.20140212415754E-06,3.74151831579184E-06,7.20428931799688E-06,6.26769686050466E-06,3.91370676879887E-06,7.85827168670039E-06
151,,,,,,,,,,6.75056596719514E-06,5.11188528662387E-06,8.5039617260918E-06
152,,,,,,,,,,6.42236953808606E-06,4.87789222347601E-06,8.11079138429705E-06
153,,,,,,,,,,6.06121361670375E-06,4.3779465102034E-06,7.61521366712259E-06
154,,,,,,,,,,6.05961592896165E-06,4.41401340935954E-06,7.57221311005196E-06
155,,,,,,,,,,5.93222639622581E-06,4.73808559036115E-06,7.05755128365126E-06
156,,,,,,,,,,5.86980827506523E-06,3.96208283746091E-06,7.23520657288645E-06
157,,,,,,,,,,6.77608364185289E-06,4.99827251019269E-06,8.13703827589052E-06
158,,,,,,,,,,5.6813437515757E-06,3.9105823987029E-06,7.26082512301218E-06
159,,,,,,,,,,5.62394374242103E-06,3.63109384693416E-06,7.71599544577839E-06
160,,,,,,,,,,5.62003476375139E-06,3.81254793069274E-06,7.4383138326084E-06
161,,,,,,,,,,5.33700053324537E-06,3.75205664226996E-06,6.73798607522258E-06
162,,,,,,,,,,5.33132957684757E-06,3.39225066454674E-06,6.66305033973913E-06
163,,,,,,,,,,5.05608273101643E-06,3.53347239183677E-06,6.35987013311023E-06
164,,,,,,,,,,5.26322323935347E-06,3.68046167977809E-06,6.96642890716248E-06
165,,,,,,,,,,5.11900871856597E-06,3.50169861462746E-06,6.41018035025809E-06
166,,,,,,,,,,5.08409726762693E-06,3.92390391539266E-06,6.35302020555173E-06
167,,,,,,,,,,4.9932114643525E-06,3.74143389194614E-06,6.44763982791119E-06
168,,,,,,,,,,5.01293612273912E-06,3.30209112462398E-06,6.46560612267422E-06
169,,,,,,,,,,4.8988006642503E-06,3.51741684312401E-06,6.36542741858648E-06
170,,,,,,,,,,5.02354907098379E-06,3.25531864291406E-06,6.48758534680383E-06
171,,,,,,,,,,4.82545157979075E-06,3.34305948967995E-06,6.16427284967358E-06
172,,,,,,,,,,4.79287661505623E-06,3.23696785358152E-06,6.36681325545396E-06
173,,,,,,,,,,4.73290173374608E-06,3.1189910600915E-06,6.27346781527649E-06
174,,,,,,,,,,4.69842187214908E-06,3.24716137924952E-06,6.2963123781401E-06
175,,,,,,,,,,4.62795315968378E-06,3.26520603834979E-06,6.20236955910514E-06
176,,,,,,,,,,4.71818611856634E-06,3.36527367608142E-06,6.39840552878468E-06
177,,,,,,,,,,4.57071098821871E-06,3.2051619939466E-06,6.2149109908205E-06
178,,,,,,,,,,4.4856747376798E-06,2.94040292487807E-06,6.16307768837032E-06
179,,,,,,,,,,4.43254602259913E-06,2.99740994762487E-06,5.9936476503708E-06
180,,,,,,,,,,4.60958480289264E-06,3.13025205969097E-06,6.03979698325929E-06
181,,,,,,,,,,4.43827078697723E-06,3.01403813125489E-06,6.04949902083263E-06
182,,,,,,,,,,4.41921832759817E-06,3.00454086072932E-06,6.14278937689505E-06
183,,,,,,,,,,4.3893264955841E-06,2.93001429838569E-06,6.02802300591065E-06
184,,,,,,,,,,4.35013909964255E-06,3.03263948069343E-06,5.96242455515039E-06
185,,,,,,,,,,4.35585787386117E-06,2.99434935584486E-06,6.05049103228339E-06
186,,,,,,,,,,4.34267421439927E-06,2.92990260959414E-06,6.02439268106991E-06
187,,,,,,,,,,4.28445042189196E-06,2.9076193243327E-06,5.94586237241401E-06
188,,,,,,,,,,4.29561905491482E-06,2.9308406965356E-06,5.95230364979216E-06
189,,,,,,,,,,4.27280126245932E-06,2.93901424299747E-06,5.99935652871864E-06
190,,,,,,,,,,4.27421338201839E-06,2.95457653010089E-06,5.96159731003354E-06
191,,,,,,,,,,4.25591899613664E-06,2.88854108418946E-06,5.92132385861532E-06
192,,,,,,,,,,4.24713256165887E-06,2.89076125170595E-06,5.93468274701081E-06
193,,,,,,,,,,4.24240137590459E-06,2.90884123614887E-06,5.92749764507516E-06
194,,,,,,,,,,4.22767625991583E-06,2.87518031143463E-06,5.94754023950372E-06
195,,,,,,,,,,4.22812526380767E-06,2.89921572402818E-06,5.9131638835197E-06
196,,,,,,,,,,4.20985007792751E-06,2.87774913090288E-06,5.90728721761025E-06
197,,,,,,,,,,4.212105287138E-06,2.86501487494206E-06,5.90973989176291E-06
198,,,,,,,,,,4.22202688014295E-06,2.8739001180611E-06,5.92641443688535E-06
199,,,,,,,,,,4.20496127730985E-06,2.86229282551176E-06,5.92275741269077E-06
200,,,,,,,,,,4.19815225086495E-06,2.86439233434521E-06,5.90991941749053E-06
